Model,Run,AvgTPS,AvgLatency,MaxLatency,MinLatency,SuccessRate
M3,1,1210.0000,0.000000,4.080000,20.100000,0.14
M3,2,1210.0000,0.000000,2.870000,20.000000,0.15
